/covers/0.jpg;Laura Baird;I Wish I Were A Sparrow;Rock
/covers/1.jpg;Flat Worms;Flat Worms;Rock
/covers/2.jpg;Chante Moore;The Rise Of The Phoenix;Soul/R & B
/covers/3.jpg;Hedley;Cageless [Import];Rock
/covers/4.jpg;Section A;Wall Of Silence;Rock
/covers/5.jpg;Alan Jackson;Let It Be Christmas;Xmas Vocal
/covers/6.jpg;Tyminski;Southern Gothic;Country
/covers/7.jpg;Slipknot;Day Of The Gusano;Rock
/covers/8.jpg;98 Degrees;Let It Snow;Xmas Vocal
/covers/9.jpg;Vincent Price;Hornbook For Witches Stories & Poems For Halloween;Rock
/covers/10.jpg;Iron Monkey;9-13;Rock
/covers/11.jpg;Larry Wallis;The Sound Of Speed;Rock
/covers/12.jpg;Diane Arkenstone;Soul Nektar;International
/covers/13.jpg;Blackmore's Night;Winter Carols (2017 Edition);Xmas Vocal
/covers/14.jpg;Stefano Battaglia;Pelagos;Jazz
/covers/15.jpg;Roman Flugel;Fabric;Electronic
/covers/16.jpg;Ton Steine Scherben;In Dub;Rock
/covers/17.jpg;Rodhad;Anxious;Electronic
/covers/18.jpg;Melanie De Biasio;Lilies;Rock
/covers/19.jpg;The Forsaken;Pentateuch;Rock
/covers/20.jpg;Pineapple Thief;Where We Stood;Rock
/covers/21.jpg;Nahko;My Name Is Bear;Rock
/covers/22.jpg;Gabriel Saloman;Movement Building;Rock
/covers/23.jpg;Niall Horan;Flicker;Rock
/covers/24.jpg;Professor Rhythm;Bafana Bafana;International
/covers/25.jpg;Blackfield;Blackfield II;Rock
/covers/26.jpg;Pete Perignon;La Esquina Del Bailando;Latin Pop/Rock
/covers/27.jpg;Tom Hall T;New Train-Same Rider /  Places I've Done Time [Import];Country
/covers/28.jpg;Tom Hall T;In Concert /  Saturday Morning Songs [Import];Country
/covers/29.jpg;Sorcerer;The Crowning Of The Fire King;Rock
/covers/30.jpg;Kennedy Veil;Imperium;Rock
/covers/31.jpg;Elvaron;Today We Rebel;Rap/Hip Hop
/covers/32.jpg;Bela Fleck;Echo In The Valley;Jazz
/covers/33.jpg;Doug Anderson;Back Porch Christmas;Xmas Vocal
/covers/34.jpg;BUNBURY;Expectativas;Rock
/covers/35.jpg;Marco Beltrami;The Snowman (original Soundtrack);Soundtrack
/covers/36.jpg;Tom Hall T;Ol Ts In Town /  Soldier Of Fortune [Import];Country
/covers/37.jpg;Watter;History Of The Future;Rock
/covers/38.jpg;Pentatonix;A Pentatonix Christmas;Xmas Vocal
/covers/39.jpg;I the Mighty;Where The Mind Wants To Go/ Where You Let It Go;Rock
/covers/40.jpg;Buffalo Killers;Alive & Well In Ohio;Rock
/covers/41.jpg;Iron Chic;You Can't Stay Here;Rock
/covers/42.jpg;Pearls Before Swine;One Nation Underground;Rock
/covers/43.jpg;Emil Bulls;Kill Your Demons;Rock
/covers/44.jpg;Si Zentner;It's Nice to Go Trav'ling;Jazz
/covers/45.jpg;Various Artists;Down Home Blues: Chicago Fine Boogie /  Various;Blues
/covers/46.jpg;Radio Dept;Teach Me To Forget;Rock
/covers/47.jpg;The Warlocks;Vevey;Rock
/covers/48.jpg;Walking Dead Orchestra;Resurrect;Rock
/covers/49.jpg;Freight Train;I;Rock
/covers/50.jpg;Fishbone;Truth & Soul [Import];Rock
/covers/51.jpg;Sultans of String;Christmas Caravan;International
/covers/52.jpg;William Patrick Corgan;Ogilala;Rock
/covers/53.jpg;Avishai Cohen;1970 [Import];Jazz
/covers/54.jpg;Kenny Lattimore;Vulnerable;Soul/R & B
/covers/55.jpg;Snapped Ankles;Come Play The Trees;Rock
/covers/56.jpg;The Flying Eyes;Burning Of The Season;Rock
/covers/57.jpg;Jackie Greene;Modern Lives 1;Rock
/covers/58.jpg;Altarage;Endinghent;Rock
/covers/59.jpg;Robin Beck;Love Is Coming;Rock
/covers/60.jpg;The Lillingtons;Stella Sapiente;Rock
/covers/61.jpg;Daniel Cavanagh;Monochrome;Rock
/covers/62.jpg;The Diodes;Rarities;Rock
/covers/63.jpg;Snog;Corporate Slave 2525;Rock
/covers/64.jpg;Dirty Heads;Swim Team;Rock
/covers/65.jpg;Barbara;Comme Un Soleil Noir: Integrale 1955-1996 [Import];Rock
/covers/66.jpg;Gaither Vocal Band;We Have This Moment;Christian
/covers/67.jpg;Voodoo Six;Make Way For The King;Rock
/covers/68.jpg;Tracy G Group;Tramp;Rock
/covers/69.jpg;Residents & Renaldo and the Loaf;Title In Limbo;Rock
/covers/70.jpg;White Manna;Bleeding Eyes;Rock
/covers/71.jpg;Zara McFarlane;Arise;Jazz
/covers/72.jpg;Knuckle Puck;Shapeshifter;Rock
/covers/73.jpg;Atrium Carceri & Cities Last Broadcast;Black Corner Den [Import];Ambient
/covers/74.jpg;Camille;Oui;International
/covers/75.jpg;Nox Arcana;Season Of The Witch;Rock
/covers/76.jpg;Dylan Scott;Merry Christmas;Xmas Vocal
/covers/77.jpg;Russell Dickerson;Yours;Country
/covers/78.jpg;Hall & Oates;Bigger Than Both of Us;Pop
/covers/79.jpg;Midnight Sin;One Last Ride;Rock
/covers/80.jpg;Various Artists;Holidays Rule Volume 2 (Various Artists);Xmas Vocal
/covers/81.jpg;Pink;Beautiful Trauma;Soul/R & B
/covers/82.jpg;The Rural Alberta Advantage;Wild;Rock
/covers/83.jpg;Gucci Mane;Mr.davis [Explicit Content];Rap/Hip Hop
/covers/84.jpg;Michael Schenker;Live At Rockpalast: Hamburg 1981;Rock
/covers/85.jpg;Giovanni Costello;Splendido;Jazz
/covers/86.jpg;Kermit Ruffins;A Beautiful World;Jazz
/covers/87.jpg;Wo Fat;Live Juju: Freak Valley And Beyond;Rock
/covers/88.jpg;Tech N9ne Collabos;Strange Reign [Explicit Content];Rap/Hip Hop
/covers/89.jpg;Tech N9ne Collabos;Strange Reign [Explicit Content];Rap/Hip Hop
/covers/90.jpg;James Brown;Take A Look At Those Cakes;Soul/R & B
/covers/91.jpg;Albert Castiglia;Up All Night;Blues
/covers/92.jpg;Lee Perry & the Upsetters;Lee Perry & The Upsetters: The Trojan Albums Collection 1971-1973 [Import];Reggae
/covers/93.jpg;Jeremy Camp;The Answer;Christian
/covers/94.jpg;UFO;Wild The Willing & The Innocent;Rock
/covers/95.jpg;Jamila Woods;Heavn;Soul/R & B
/covers/96.jpg;The Black Dahlia Murder;Nightbringers;Rock
/covers/97.jpg;Brooklyn Boogaloo Blowout;Boog At Sunny's;Soul/R & B
/covers/98.jpg;The Orb;Naturality;Rock
/covers/99.jpg;Cults;Offering;Rock
/covers/100.jpg;Weaves;Wide Open [Explicit Content];Rock
/covers/101.jpg;Dhani Harrison;In/ / / parallel;Rock
/covers/102.jpg;FIREFORCE;Annihilate The Evil;Rock
/covers/103.jpg;Carbon Based Lifeforms;Derelicts;Rock
/covers/104.jpg;Pere Ubu;20 Years In A Montana Missile Silo;Rock
/covers/105.jpg;Savoy Brown;Lion's Share [Import];Rock
/covers/106.jpg;Mister Heavenly;Boxing The Moonlight;Rock
/covers/107.jpg;Dave Davies;I Will Be Me;Rock
/covers/108.jpg;Tricounty Terror;Revenge;Rock
/covers/109.jpg;Kane Brown;Kane Brown;Country
/covers/110.jpg;Mormon Tabernacle Choir;O Come Little Children;Xmas Vocal
/covers/111.jpg;Elvis Presley;Christmas with Elvis Presley and the Royal Philharmonic Orchestra;Xmas Vocal
/covers/112.jpg;Citizen;As You Please;Rock
/covers/113.jpg;Savoy Brown;Hellbound Train [Import];Rock
/covers/114.jpg;Gillian Hills;Zou Bisou Bisou: Tout En Francais The Ye Ye Years [Import];International
/covers/115.jpg;Brainwaltzera;Poly-ana;Electronic
/covers/116.jpg;UFO;Strangers In The Night;Rock
/covers/117.jpg;Nf;Perception;Christian
/covers/118.jpg;XL Middleton;Things Are Happening;Soul/R & B
/covers/119.jpg;Bobby Byrd;Help For My Brother: Pre-Funk Singles 1963-1968 [Import];Soul/R & B
/covers/120.jpg;Ziur;U Feel Anything;Electronic
/covers/121.jpg;Mother Earth;Live In New York 1971;Rock
/covers/122.jpg;The Sensational Williams Brothers;Timeless;Gospel
/covers/123.jpg;Various Artists;Breakfast 7: Rare & Obscure British Beat /  Various;Rock
/covers/124.jpg;Depeche Mode;Cover Me (Remixes);Rock
/covers/125.jpg;Alabama;American Christmas;Xmas Vocal
/covers/126.jpg;Jean-Michel Bernard;Jean-Michel Bernard Plays Lalo Schifrin;Jazz
/covers/127.jpg;Alex Lahey;I Love You Like A Brother;Rock
/covers/128.jpg;New Politics;Lost In Translation;Rock
/covers/129.jpg;Max Webster;Party [Import];Rock
/covers/130.jpg;Shrapnel;Raised On Decay [Import];Heavy Metal
/covers/131.jpg;DAF;Das Ist Daf;Rock
/covers/132.jpg;Carlene Carter;Cest C Bon [Import];Country
/covers/133.jpg;Spirit;Time Circle [Import];Rock
/covers/134.jpg;Milano Constantine (D.I.T.C.);The Way We Were (Expanded Edition);Rap/Hip Hop
/covers/135.jpg;Whitney Peyton;Firecracker - Pyro Edition;Rap/Hip Hop
/covers/136.jpg;Various Artists;An American Troubadour: Songs Of Steve Forbert /  Various;Rock
/covers/137.jpg;Aly & Fila;Beyond The Lights [Import];Dance
/covers/138.jpg;Carol Burnett;Sings;Rock
/covers/139.jpg;Unk;Fresh Off Dem Papers [Explicit Content];Rap/Hip Hop
/covers/140.jpg;Matt Bianco;Gravity;Jazz
/covers/141.jpg;Grave Pleasures;Motherblood;Rock
/covers/142.jpg;Diana Ross;Why Do Fools Fall in Love;Soul/R & B
/covers/143.jpg;The Rolling Stones;From The Vault - Sticky Fingers: Live At The Fonda Theater 2015;Rock
/covers/144.jpg;Various Artists;Triple J Like A Version /  Various;Rock
/covers/145.jpg;Mungo Jerry;Dawn Albums Collection [Import];Rock
/covers/146.jpg;Tangerine Dream;Quantum Gate [Import];Rock
/covers/147.jpg;Anne Murray;The Ultimate Collection  Anne Murray;Vocal
/covers/148.jpg;Promo;Authentic [Import];Dance
/covers/149.jpg;Rittz;Last Call;Rap/Hip Hop
/covers/150.jpg;The Nitty Gritty Dirt Band;Anthology;Country
/covers/151.jpg;Kublai Khan;Nomad;Rock
/covers/152.jpg;John Band Hackett;We Are Not Alone: Deluxe Edition [Import];Rock
/covers/153.jpg;Nik Turner;Life In Space;Rock
/covers/154.jpg;Jah Wobble;In Trance [Import];Dance
/covers/155.jpg;Pessimist;Pessimist;Electronic
/covers/156.jpg;Torres;Three Futures;Rock
/covers/157.jpg;Act Of Defiance;Old Scars, New Wounds;Rock
/covers/158.jpg;Great American Ghost;Hatred Stems From The Seed;Rock
/covers/159.jpg;Anne Murray;The Ultimate Collection;Vocal
/covers/160.jpg;The Killers;Wonderful Wonderful [Import];Rock
/covers/161.jpg;Coldspell;A New World Arise;Rock
/covers/162.jpg;Propagandhi;Victory Lap;Rock
/covers/163.jpg;Kaipa;Children Of The Sounds [Import];Rock
/covers/164.jpg;Mad Professor Meets Jah9;Mad Professor Meets Jah9 In The Midst Of The Storm;Reggae
/covers/165.jpg;Demi Lovato;Tell Me You Love Me [Explicit Content];Rock
/covers/166.jpg;Andrew Quintet Hill;Divine Revelation [Import];Jazz
/covers/167.jpg;Ella Fitzgerald;Someone To Watch Over Me;Jazz
/covers/168.jpg;Arkaik;Nemethia;Rock
/covers/169.jpg;The Heat;Into The Great Unknown;Rock
/covers/170.jpg;Loudness;Hurricane Eyes: 30th Anniversary [Import];Rock
/covers/171.jpg;Stone Temple Pilots;Core;Rock
/covers/172.jpg;Michael Jackson;Scream;Soul/R & B
/covers/173.jpg;Warrior;Featuring: Vinnie Vincent /  Jimmy Waldo /  Gary Shea /  Hirsh Gardner [Import];Rock
/covers/174.jpg;Bonfire;Free;Rock
/covers/175.jpg;Belinda Carlisle;Wilder Shores;New Age
/covers/176.jpg;Stalk-Forrest Group;St. Cecilia: The Elektra Recordings;Rock
/covers/177.jpg;Dan Hicks;It Happened One Bite Widescreen Edition (22 Tracks;Rock
/covers/178.jpg;Cher;3614 Jackson Highway Deluxe Edition (23 Tracks);Rock
/covers/179.jpg;Apathy & O.C.;Perestroika;Rap/Hip Hop
/covers/180.jpg;Robin Trower;State To State;Rock
/covers/181.jpg;Haley Reinhart;What's That Sound?;Rock
/covers/182.jpg;Various Artists;Party Tyme Karaoke: Country Party Pack 6;Karaoke
/covers/183.jpg;Marc Almond;Shadows & Reflections;Rock
/covers/184.jpg;Joe McPhee;Sound On Sound: Solo 1968-1973;Jazz
/covers/185.jpg;Boneshaker;Thinking Out Loud;Jazz
/covers/186.jpg;Behind the Shadow Drops;Harmonic;Rock
/covers/187.jpg;Home Free;Timeless;Country
/covers/188.jpg;Chris Janson;Everybody;Country
/covers/189.jpg;Alan Ferber;Jigsaw;Jazz
/covers/190.jpg;Noah Gundersen;White Noise;Rock
/covers/191.jpg;Various Artists;Gay Feet: Every Night Featuring Baba Brooks And His Band;Reggae
/covers/192.jpg;Amadou & Mariam;La Confusion;International
/covers/193.jpg;James Warren;Innocent Bystanders [Import];Rock
/covers/194.jpg;Omar & Howlers;Zoltar's Walk;Blues
/covers/195.jpg;Phoebe Bridgers;Stranger In The Alps;Rock
/covers/196.jpg;U2;Pop [Import];Rock
/covers/197.jpg;With The Dead;Love From With The Dead;Rock
/covers/198.jpg;Drivin N Cryin;Archives Volume 1 '88-'90;Rock
/covers/199.jpg;Archspire;Relentless Mutation;Rock
/covers/200.jpg;The Souljazz Orchestra;Under Burning Skies;International
/covers/201.jpg;Richie Furay;Live From My Father's Place 8/ 31/ 76;Rock
/covers/202.jpg;Dave Set Miller;Mr Guy Fawks: Complete Spin Recordings & More 1967-1970 [Import];Rock
/covers/203.jpg;Chelsea Wolfe;Hiss Spun;Rock
/covers/204.jpg;Flamin' Groovies;Fantastic Plastic;Rock
/covers/205.jpg;Electric Youth;Breathing - O.s.t.;Soundtrack
/covers/206.jpg;Steve Earle;Sidetracks;Country
/covers/207.jpg;Roger;Many Facets of Roger /  Saga Continues /  Unlimited [Import];Soul/R & B
/covers/208.jpg;Lecrae;All Things Work Together;Rap/Hip Hop
/covers/209.jpg;Koss;Born To Live;Rap/Hip Hop
/covers/210.jpg;Brian Wilson;Playback: The Brian Wilson Anthology;Rock
/covers/211.jpg;Various Artists;Gary Crowley's Punk & New Wave /  Various [Import];Rock
/covers/212.jpg;Dimitri From Paris Presents Salsoul Mastermix;Dimitri From Paris Presents Salsoul Mastermix [Import];Dance
/covers/213.jpg;Du*dS;Of A Nature Or Degree;Rock
/covers/214.jpg;Intrusion;Amongst The Stars;Electronic
/covers/215.jpg;Charles Mingus;Complete Live At The Bohemia 1955 + Bonus Tracks [Import];Jazz
/covers/216.jpg;Leon Russell;On A Distant Shore;Rock
/covers/217.jpg;Stass;Darkside;Rock
/covers/218.jpg;Lights;Skin&Earth;/covers/219.jpg;Cousteaux;Cousteaux;Rock
/covers/220.jpg;White Lion;Fight To Survive;Rock
/covers/221.jpg;Susanne Sundfor;Music For People In Trouble;Rock
/covers/222.jpg;Lifesigns;Cardington [Import];Rock
/covers/223.jpg;Mac McAnally;Southbound: The Orchestra Project;Rock
/covers/224.jpg;Various Artists;Swampland Jewels /  Various;Rock
/covers/225.jpg;Dead Rider;Crew Licks;Rock
/covers/226.jpg;Jordan Rakei;Wallflower;Soul/R & B
/covers/227.jpg;D-Block & S-Te-Fan;Antidote [Import];Dance
/covers/228.jpg;Hell In the Club;See You On The Dark Side;Rock
/covers/229.jpg;Blackfinger;When Colors Fade Away;Rock
/covers/230.jpg;Bill Charlap Trio;Uptown Downtown [Import];Jazz
/covers/231.jpg;Sammie;Coming Of Age;Soul/R & B
/covers/232.jpg;The Pains of Being Pure at Heart;The Echo Of Pleasure;Rock
/covers/233.jpg;Trouble Funk;Old School New School Live!;Soul/R & B
/covers/234.jpg;Ringo Starr;Give More Love;Rock
/covers/235.jpg;Anna of the North;Lovers [Import];Rock
/covers/236.jpg;Various Artists;Soul 1961 /  Various [Import];Soul/R & B
/covers/237.jpg;Public Service Broadcasting;Every Valley;Rock
/covers/238.jpg;Melvins;A Walk With Love And Death;Rock
/covers/239.jpg;The Nitty Gritty Dirt Band;Uncle Charlie & His Dog Teddy [Import];Rock
/covers/240.jpg;Britney Spears;Glory: Asian Tour Edition [Import];Rock
/covers/241.jpg;Linda Ronstadt;Hasten Down The Wind [Import];Rock
/covers/242.jpg;Anthriel;Transcendence [Import];Heavy Metal
/covers/243.jpg;Randall Bramblett;Juke Joint At The Edge Of The World;Soul/R & B
/covers/244.jpg;Various Artists;Silhouettes & Statues: Gothic Revolution 1978-1986 [Import];Rock
/covers/245.jpg;Various;Milk Of The Tree: Anthology Of Female Vocal Folk & Singer-Songwriters1966-1973 [Import];Folk
/covers/246.jpg;Micheal Monroe;The Best of Michael Monroe;Rock
/covers/247.jpg;Third Realm;Suffering Angel;Electronic
/covers/248.jpg;Laura Nyro;A Little Magic, A Little Kindess - The Complete Mono Albums Collection;Rock
/covers/249.jpg;The Nitty Gritty Dirt Band;Dirt Silver & Gold [Import];Rock
/covers/250.jpg;Nektar;Live In Bremen;Rock
/covers/251.jpg;Limbonic Art;Spectre Abysm;Rock
/covers/252.jpg;Jay-Z;4:44 [Explicit Content];Rap/Hip Hop
/covers/253.jpg;Riverdogs;California;Rock
/covers/254.jpg;Crooked Colours;Vera [Import];Dance
/covers/255.jpg;Celtic Frost;Innocence And Wrath;Rock
/covers/256.jpg;King Tubby & Aggrovators;Shalom Dub;Reggae
/covers/257.jpg;Beach House;B-Sides And Rarities;Rock
/covers/258.jpg;Jonwayne;Rap Album Two;Rap/Hip Hop
/covers/259.jpg;Michael White;Michael White [Import];Rock
/covers/260.jpg;Cash Box Kings;Royal Mint;Blues
/covers/261.jpg;Hecate Enthroned;Dark Requiems And Unsilent Massacre;Rock
/covers/262.jpg;Zervas & Pepper;Wilderland [Import];Rock
/covers/263.jpg;Da Buze Bruvaz;Adebisi Hat;Rap/Hip Hop
/covers/264.jpg;Oregon;Lantern;Jazz
/covers/265.jpg;Foghat;Live At The Belly Up;Rock
/covers/266.jpg;Neil New Jazz Orchestra Ardleys;On The Radio: BBC Session 1971 [Import];Jazz
/covers/267.jpg;Depeche Mode;Playing The Angel;Rock
/covers/268.jpg;Depeche Mode;Exciter;Rock
/covers/269.jpg;Hecate Enthroned;Kings Of Chaos;Rock
/covers/270.jpg;Hecate Enthroned;Slaughter Of Innocence;Rock
/covers/271.jpg;Art Pepper;Art Pepper Presents "West Coast Sessions" Volume 3: Lee Konitz;Jazz
/covers/272.jpg;Grant Stewart;Roll On;Jazz
/covers/273.jpg;Devourment;Butcher The Weak;Rock
/covers/274.jpg;Broken Hope;Mutilated And Assimilated;Rock
/covers/275.jpg;Neil Young;Decade;Rock
/covers/276.jpg;Saint Etienne;So Tough: Extended Edition [Import];Rock
/covers/277.jpg;The Brothers Johnson;Out Of Control;Soul/R & B
/covers/278.jpg;Doc Watson & Merle;Never The Same Way Once;Country
/covers/279.jpg;Jeff Tweedy;Together At Last;Rock
/covers/280.jpg;Yonder Mountain String Band;Love, Ain't Love;Country
/covers/281.jpg;I Am Become Death;Unfortunate Anthems & Songs of No Hope;Rock
/covers/282.jpg;William Parker;Meditation/ Resurrection;Jazz
/covers/283.jpg;Prince;Purple Rain;Soul/R & B
/covers/284.jpg;Pentagon;Ceremony [Import];International
/covers/285.jpg;Vince Staples;Big Fish Theory [Explicit Content];Rap/Hip Hop
/covers/286.jpg;The Bluetones;Bluetonic;Rock
/covers/287.jpg;Bryson Tiller;True To Self [Explicit Content];Soul/R & B
/covers/288.jpg;David Ware S;Live In New York, 2010;Jazz
/covers/289.jpg;NCT 127;Nct #127 Cherry Bomb [Import];International
/covers/290.jpg;Depeche Mode;Songs Of Faith And Devotion;Rock
/covers/291.jpg;Chuck Berry;Back Home [Import];Rock
/covers/292.jpg;Depeche Mode;Violator;Rock
/covers/293.jpg;Fleet Foxes;Crack-Up;Rock
/covers/294.jpg;Impetuous Ritual;Blight Upon Martyred Sentience;Rock
/covers/295.jpg;White Suns;Psychic Drift;Rock
/covers/296.jpg;Nickelback;Feed The Machine;Rock
/covers/297.jpg;Various Artists;Dustin E Presents Cornflake Zoo: Episode /  Various;Rock
/covers/298.jpg;Ride;Weather Diaries;Rock
/covers/299.jpg;Stone Fury;Burns Like A Star;Rock
/covers/300.jpg;Hey Violet;From The Outside [Explicit Content];Rock
/covers/301.jpg;Styx;The Mission;Rock
/covers/302.jpg;Various Artists;2017 Warped Tour Compilation (Various Artists);Rock
/covers/303.jpg;J. Stalin;My Dark Passenger [Explicit Content];Rap/Hip Hop
/covers/304.jpg;Various Artists;Chicago Slickers 1948-1953 /  Various;Blues
/covers/305.jpg;Various Artists;Beatfreak 6: Rare & Obscure British Beat /  Various;Rock
/covers/306.jpg;Various Artists;Windy City Blues 1935-1953 /  Various;Blues
/covers/307.jpg;Igorrr;Savage Sinusoid;Rock
/covers/308.jpg;Dave Liebman;Compassion: The Music Of John Coltrane;Jazz
/covers/309.jpg;King Crimson;The Elements Tour Box 2017;Rock
/covers/310.jpg;London Grammar;Truth Is A Beautiful Thing [Import];Rock
/covers/311.jpg;Midnight North;Scarlet Skies;Rock
/covers/312.jpg;Depeche Mode;Ultra;Rock
/covers/313.jpg;Suffocation;Of the Dark Light;Rock
/covers/314.jpg;The Rascals;Very Best Of [Import];Rock
/covers/315.jpg;Chicago;Chicago Story: Complete Greatest [Import];Rock
/covers/316.jpg;Original Broadway Cast Recording;Anastasia;Musical Soundtrack
/covers/317.jpg;Tankard;One Foot In The Grave [Import];Heavy Metal
/covers/318.jpg;Shannon McNally;Black Irish;Country
/covers/319.jpg;Foreigner;Definitive [Import];Rock
/covers/320.jpg;Bette Midler;Experience The Divine Bette Midler [Import];Vocal
/covers/321.jpg;Merrimack;Omegaphilia;Rock
/covers/322.jpg;Anathema;The Optimist;Rock
/covers/323.jpg;Magpie Salute;Magpie Salute;Rock
/covers/324.jpg;Rise Against;Wolves [Explicit Content];Rock
/covers/325.jpg;Chuck Berry;Chuck;Rock
/covers/326.jpg;Cigarettes After Sex;Cigarettes After Sex [Explicit Content];Rock
/covers/327.jpg;The Phoenix;Ti Amo;Rock
/covers/328.jpg;Various Artists;Night Comes Down: 60 British Mod R&B; Freakbeat & Swingin LondonNuggets [Import]/covers/329.jpg;Various Artists;WARNER SOFT ROCK NUGGETS VOL 3 (BIRTHDAY MORNING) [Import];Rock
/covers/330.jpg;Doyle;Doyle II: As We Die [Explicit Content];Rock
/covers/331.jpg;Sarah Vaughan;Sarah Sings Soulfully [Import];Jazz
/covers/332.jpg;Beach Fossils;Somersault;Rock
/covers/333.jpg;Various Artists;WARNER SOFT ROCK NUGGETS VOL 1 (SILVER & SUNSHINE) [Import];Rock
/covers/334.jpg;Inmates;Albums 1979-1982 [Import];Rock
/covers/335.jpg;Miss May I;Shadows Inside;Rock
/covers/336.jpg;Status Quo;Just Supposin';Rock
/covers/337.jpg;Alan Davey;Sputnik Stan Vol. 1: A Fistful Of Junk;Rock
/covers/338.jpg;Sonny Clark;Sonny Clark Trio [Import];Jazz
/covers/339.jpg;Various Artists;The British Invasion;Rock
/covers/340.jpg;Zoot Sims;New Beat Bossa Nova 2 [Import];Jazz
/covers/341.jpg;The Doors;The Doors;Rock
/covers/342.jpg;Various Artists;WARNER SOFT ROCK NUGGETS VOL 2 (IT'S A HAPPENING WORLD) [Import];Rock
/covers/343.jpg;Depeche Mode;Music For The Masses;Rock
/covers/344.jpg;Depeche Mode;Some Great Reward;Rock
/covers/345.jpg;Depeche Mode;Black Celebration;Rock
/covers/346.jpg;Dua Lipa;Dua Lipa [Explicit Content];Rock
/covers/347.jpg;Status Quo;Never Too Late;Rock
/covers/348.jpg;The Skatalites;Skatalites: Independence Ska & The Far East Sound;Reggae
/covers/349.jpg;Various Artists;WARNER SOFT ROCK NUGGETS VOL 4 (LISTEN TO ME) [Import];Rock
/covers/350.jpg;Alt-J;Relaxer;Rock
/covers/351.jpg;The Doors;Doors: 50th Anniversary Deluxe [Import];Rock
/covers/352.jpg;Lyn Stanley;The Moonlight Sessions, Vol. 1;Jazz
/covers/353.jpg;Quercus;Nightfall;Jazz
/covers/354.jpg;Glenn Hughes;Play Me Out: Expanded Edition [Import];Heavy Metal
/covers/355.jpg;Various Artists;Spaced Out: Story Of Mushroom Records /  Various [Import];Rock
/covers/356.jpg;The Charlatans;Different Days;Rock
/covers/357.jpg;White Nails;First Trip;Rock
/covers/358.jpg;Emerson Lake & Palmer;Works Volume 2  Emerson Lake & Palmer;Rock
/covers/359.jpg;Solstafir;Berdreyminn;Rock
/covers/360.jpg;The Beatles;Sgt. Pepper's Lonely Hearts Club Band;Rock
/covers/361.jpg;The Letter Black;Pain;Rock
/covers/362.jpg;Emerson Lake & Palmer;Love Beach;Rock
/covers/363.jpg;Oscar Pettiford;New York City 1955-1958;Jazz
/covers/364.jpg;Black Cube Marriage;Astral;Rock
/covers/365.jpg;Jlin;Black Origami;Electronic
/covers/366.jpg;Night Flight Orchestra;Amber Galactic;Rock
/covers/367.jpg;Peter Cetera;The Very Best Of Peter Cetera;Rock
/covers/368.jpg;Bjorn Riis;Forever Comes To An End;Rock
/covers/369.jpg;John Hartford;Aereo Plain;Rock
/covers/370.jpg;Steel Woods;Straw In The Wind;Country
/covers/371.jpg;Various Artists;Party Tyme Karaoke: Super Hits, Vol. 29;Karaoke
/covers/372.jpg;Vixx;Shangri-La (4th Mini Album) - Birth Flower Version [Import];International
/covers/373.jpg;Molecules & Showbiz;A Bronx Tale;Rap/Hip Hop
/covers/374.jpg;The Biters;The Future Ain't What It Used To Be;Rock
/covers/375.jpg;DragonForce;Reaching Into Infinity;Rock
/covers/376.jpg;Linkin Park;One More Light;Rock
/covers/377.jpg;Jane Weaver;Modern Kosmology;Rock
/covers/378.jpg;Papa Roach;Crooked Teeth;Rock
/covers/379.jpg;Insight;Ears Hear Spears;Rap/Hip Hop
/covers/380.jpg;Depeche Mode;Speak & Spell;Rock
/covers/381.jpg;Depeche Mode;A Broken Frame;Rock
/covers/382.jpg;Depeche Mode;Construction Time Again;Rock
/covers/383.jpg;Scale the Summit;In A World Of Fear;Rock
/covers/384.jpg;B.o.B;Ether [Explicit Content];Rap/Hip Hop
/covers/385.jpg;Paul Weller;A Kind Revolution;Rock
/covers/386.jpg;Cirith Ungol;King Of The Dead (Ultimate Edition);Rock
/covers/387.jpg;Dan Fogelberg;Live at Carnegie Hall;Rock
/covers/388.jpg;Original London Cast Recording;Dreamgirls (Original London Cast Recording);Musical Soundtrack
/covers/389.jpg;John Frum;A Stirring In The Noos;Rock
/covers/390.jpg;Paul Weller;A Kind Revolution;Rock
/covers/391.jpg;Mark Fry;Dreaming With Alice;Rock
/covers/392.jpg;Warrant;Louder Harder Faster;Rock
/covers/393.jpg;Jim Avett;For His Children And Ours;Rock
/covers/394.jpg;Harem Scarem;United;Rock
/covers/395.jpg;Jazzmeia Horn;Social Call;Jazz
/covers/396.jpg;Free;5 Classic Albums [Import];Rock
/covers/397.jpg;The Turtles;Happy Together;Rock
/covers/398.jpg;The Turtles;It Ain't Me Babe;Rock
/covers/399.jpg;Justin Trevino;A Salute To Ray Price And The Cherokee Cowboys;Country
/covers/400.jpg;Graham Bonnet;Anthology 1968-2017 [Import];Rock
/covers/401.jpg;Patto;Patto: Expanded Edition [Import];Rock
/covers/402.jpg;Slowdive;Slowdive;Rock
/covers/403.jpg;Foster the People;Supermodel;Rock
/covers/404.jpg;The Shining;V - Halmstad (Niklas Angaende Niklas);Rock
/covers/405.jpg;The Staple Singers;Freedom Highway;Gospel
/covers/406.jpg;The Triffids;Wide Open Road: Best Of The Triffids [Import];Rock
/covers/407.jpg;Joan Shelley;Joan Shelley;Folk
/covers/408.jpg;Lalo Schifrin;Lalo = Brilliance [Import];Jazz
/covers/409.jpg;The Turtles;Turtle Soup;Rock
/covers/410.jpg;Taj Mahal;Tajmo;Blues
/covers/411.jpg;Dangerdoom;Mouse & The Mask: Official Metalface Version;Rap/Hip Hop
/covers/412.jpg;Rat Columns;Candle Power;Rock
/covers/413.jpg;Moon Duo;Occult Architecture, Vol. 2;Rock
/covers/414.jpg;Delia Gonzalez;Horse Follows Darkness [Explicit Content];Electronic
/covers/415.jpg;Motionless in White;Graveyard Shift [Explicit Content];Rock
/covers/416.jpg;Various Artists;Bob Holmes Nashville Soul /  Various [Import];Soul/R & B
/covers/417.jpg;Shocking Blue;Blue Box [Import];Rock
/covers/418.jpg;Day Wave;The Days We Had;Rock
/covers/419.jpg;Oranssi Pazuzu;Muukalainen Puhuu;Rock
/covers/420.jpg;Nick Cave & the Bad Seeds;Lovely Creatures: The Best of Nick Cave and The Bad Seeds (1984-2014) [Explicit Content];Rock
/covers/421.jpg;Streetmark;Eileen;Rock
/covers/422.jpg;Latimore;Taste Of Me: Great American Songs;Soul/R & B
/covers/423.jpg;Neal Schon;Untold Passion (2017 Reissue);Rock
/covers/424.jpg;Ayreon;The Source;Rock
/covers/425.jpg;Cheap Trick;The Epic Archive Vol. 1 (1975-1979);Rock
/covers/426.jpg;Various Artists;Guardians of the Galaxy, Vol. 2: Awesome Mix Vol. 2;Soundtrack
/covers/427.jpg;Alan Jackson;Precious Memories Collection: Alan Jackson;Country
/covers/428.jpg;Major Lance;Ain't No Soul (In These Old Shoes): Complete Okeh Recordings 1963-1967 [Import];Soul/R & B
/covers/429.jpg;Mark Lanegan;Gargoyle;Rock
/covers/430.jpg;JMSN;Whatever Makes U Happy;Rap/Hip Hop
/covers/431.jpg;Eric Church;Mr Misunderstood On The Rocks Live And Mostly Unplugged;Country
/covers/432.jpg;Ray Parker Jr.;Woman Out Of Control (bonus Tracks Edition);Soul/R & B
/covers/433.jpg;Drugdealer;The End of Comedy;Rock
/covers/434.jpg;Various Artists;Dustin E Presents Cornflake Zoo: 7 /  Various;Rock
/covers/435.jpg;Camp Lo;On The Way Uptown;Rap/Hip Hop
/covers/436.jpg;Frank Zappa;Roxy By Proxy;Rock
/covers/437.jpg;Robyn Hitchcock;Robyn Hitchcock;Rock
/covers/438.jpg;Dead Moon;What A Way To See The Old Girl Go;Rock
/covers/439.jpg;Various Artists;Akwaba Abidjan: Afrofunk In 1970's /  Various;International
/covers/440.jpg;Imelda May;Life Love Flesh Blood;Rock
/covers/441.jpg;Fleetwood Mac;English Rose [Import];Rock
/covers/442.jpg;Deepchord Presents: Echospace;Live In Detroit [ghost In The Sound];Electronic
/covers/443.jpg;Linda Ronstadt;Very Best Of Linda Ronstadt [Import];Vocal
/covers/444.jpg;Kitaro;Sacred Journey Of Ku-kai 5;New Age
/covers/445.jpg;Various Artists;Brown Acid: Fourth Trip /  Various;Rock
/covers/446.jpg;Vomit Remnants;Hyper Groove Brutality;Rock
/covers/447.jpg;Daye Jack;No Data [Explicit Content];Rap/Hip Hop
/covers/448.jpg;Charley Pride;You're My Jamaica /  Roll On Mississippi /  Charley Pride [Import];Country
/covers/449.jpg;Bo Diddley;Have Guitar Will Travel /  In The Spotlight + 7 Bonus Tracks [Import];Blues
/covers/450.jpg;Equiknoxx;Bird Sound Power;Electronic
/covers/451.jpg;Bobby Selvagio;Quantum Man;Jazz
/covers/452.jpg;Robert Rich;Lift A Feather To The Flood;Electronic
/covers/453.jpg;Ashton Gardner & Dyke;Ashton Gardner & Dyke;Rock
/covers/454.jpg;BT Express;Give Up The Funk: Bt Express Anthology 1974-1982 [Import];Soul/R & B
/covers/455.jpg;Various Artists;Jon Savage's 1967: Year Pop Divided /  Various [Import];Rock
/covers/456.jpg;Sam Outlaw;Tenderheart;Rock
/covers/457.jpg;Kendrick Lamar;DAMN. [Explicit Content];Rap/Hip Hop
/covers/458.jpg;D.R.I.;Live At The Ritz 1987;Rock
/covers/459.jpg;Mike & the Mechanics;Let Me Fly;Rock
/covers/460.jpg;Various Artists;Twelve Inch 70S: Boogie Wonderland /  Various [Import];Rock
/covers/461.jpg;Various Artists;Buzzsaw Joint: Diddy Wah - Cut 1 + 2 /  Various;Rock
/covers/462.jpg;Aynsley Lister;Eyes Wide Open;Blues
/covers/463.jpg;Dayna Stephens;Gratitude;Jazz
/covers/464.jpg;Migos;Culture [Explicit Content];Rock
/covers/465.jpg;Allan Holdsworth;The Man Who Changed Guitar Forever;Jazz
/covers/466.jpg;Lunatic Soul;Walking On A Flashlight Beam;Rock
/covers/467.jpg;Oiseaux-Temp te;Al-an;Rock
/covers/468.jpg;Royal Thunder;Wick;Rock
/covers/469.jpg;Dominic Miller;Silent Light;Jazz
/covers/470.jpg;Circle of Dust;Metamorphosis;Rock
/covers/471.jpg;Omega;Anthology 1968-1979;Rock
/covers/472.jpg;Various Artists;Twelve Inch Seventies: More More More [Import];Rock
/covers/473.jpg;Si Zentner;Put Your Head on My Shoulder;Easy Listening
/covers/474.jpg;Obituary;Ten Thousand Ways To Die Maxi Single;Rock
/covers/475.jpg;David Crosby;Lighthouse;Rock
/covers/476.jpg;Various Artists;Let's Go Down & Blow Our Minds /  Various [Import];Rock
/covers/477.jpg;Clare Teal;A Tribute To Ella Fitzgerald;Jazz
/covers/478.jpg;Jimi Hendrix;Machine Gun: The Fillmore East First Show 12/ 31/ 1969;Rock
/covers/479.jpg;Chet Baker;Chet & Dick [Import];Jazz
/covers/480.jpg;Pentagon;Pentagon [Import];International
/covers/481.jpg;Kenny Lattimore;A Kenny Lattimore Christmas;Xmas Vocal
/covers/482.jpg;The Pretenders;Alone;Rock
/covers/483.jpg;Bolt Thrower;The Best Of Bolt Thrower;Rock
/covers/484.jpg;Si Zentner;My Cup of Tea;Jazz
/covers/485.jpg;Gazpacho;Firebird;Rock
/covers/486.jpg;Luke Haines;Smash The System [Import];Rock
/covers/487.jpg;Anciients;Voice Of The Void;Rock
/covers/488.jpg;Jim Reeves;Yours Sincerely Jim Reeves /  Blue Side Of Lonesome [Import];Country
/covers/489.jpg;Shires;My Universe [Import];Rock
/covers/490.jpg;Phil Collins;The Singles;Rock
/covers/491.jpg;The Dillinger Escape Plan;Dissociation;Rock
/covers/492.jpg;Blackberry Smoke;Like An Arrow;Rock
/covers/493.jpg;Various Artists;Saint Germain Des Pres Cafe 18 /  Various [Import];Dance
/covers/494.jpg;Klaus Schulze;X;Electronic
/covers/495.jpg;Sandy Bull;Fantasias For Guitar And Banjo;Folk
/covers/496.jpg;Art;Supernatural Fairy Tales [Import];Rock
/covers/497.jpg;The Chimes;Chimes: Deluxe Edition [Import];Soul/R & B
/covers/498.jpg;Bill Evans;Waltz For Debby [Import];Jazz
/covers/499.jpg;Wes Montgomery;Trio [Import];Jazz
/covers/500.jpg;Yello;Toy [Import];Rock
/covers/501.jpg;Johnny Griffin;Little Giant [Import];Jazz
/covers/502.jpg;Rick Astley;50;Rock
/covers/503.jpg;Eric Johnson;EJ;Blues
/covers/504.jpg;Balance & Composure;Light We Made;Rock
/covers/505.jpg;Michel Camilo & Tomatito;Spain Forever;Jazz
/covers/506.jpg;Joe Lynn Turner;The Sessions;Rock
/covers/507.jpg;Kenny Drew;Kenny Drew Trio [Import];Jazz
/covers/508.jpg;Various Artists;Kenya Special 2 /  Various;International
/covers/509.jpg;Yes;Tales From Topographic Oceans: Expanded Edition [Import];Rock
/covers/510.jpg;Knickerbocker All-Stars;Texas Rhody Blues;Blues
/covers/511.jpg;Epica;The Holographic Principle Jewel;Rock
/covers/512.jpg;Van Morrison;Keep Me Singing;Rock
/covers/513.jpg;Eric Clapton;Live In San Diego (with Special Guest JJ Cale);Rock
/covers/514.jpg;The Supremes;Baby Love: Essential Diana Ross & The Supremes [Import];Soul/R & B
/covers/515.jpg;Emerson, Lake & Palmer;Trilogy;Rock
/covers/516.jpg;Doyle Bramhall II;Rich Man;Rock
/covers/517.jpg;Marillion;F.E.A.R;Rock
/covers/518.jpg;Emerson, Lake & Palmer;Welcome Back My Friends To The Show That Never Ends - Ladies And Gentleman;Rock
/covers/519.jpg;Scott Bradlee;The Essentials;Jazz
/covers/520.jpg;Autopsy;Skull Grinder [Import];Heavy Metal
/covers/521.jpg;Various Artists;Lindy Hop Favorites /  Various;Jazz
/covers/522.jpg;Hamilton Leithauser;I Had A Dream That You Were Mine;Rock
/covers/523.jpg;John Scofield;Country For Old Men;Jazz
/covers/524.jpg;The Searchers;The Very Best Of The Searchers;Rock
/covers/525.jpg;The Madeira;Bad Humors;Rock
/covers/526.jpg;Of Mice & Men;Cold World;Rock
/covers/527.jpg;Ethel Ennis;My Kind of Waltztime;Easy Listening
/covers/528.jpg;Various Artists;Capitol Christmas /  Various;Xmas Vocal
/covers/529.jpg;Fleetwood Mac;Mirage;Rock
/covers/530.jpg;Dan Hartman;Instant Replay [Import];Dance
/covers/531.jpg;Hank Cochran;Hits from the Heart;Country
/covers/532.jpg;Joe Bonamassa;Live At The Greek Theatre;Blues
/covers/533.jpg;Ryuichi Sakamoto;Nagasaki: Memories Of My Son /  O.S.T.;Soundtrack
/covers/534.jpg;Bria Skonberg;Bria;Jazz
/covers/535.jpg;Stick to Your Guns;Better Ash Than Dust;Rock
/covers/536.jpg;Fleetwood Mac;Mirage: Remastered [Import];Rock
/covers/537.jpg;Matt Berry;The Small Hours;Rock
/covers/538.jpg;Allegaeon;Proponent For Sentience;Rock
/covers/539.jpg;Inanimate Existence;Calling From A Dream;Rock
/covers/540.jpg;The Screaming Blue Messiahs;Vision In Blues;Rock
/covers/541.jpg;Mac Miller;The Divine Feminine [Explicit Content];Rap/Hip Hop
/covers/542.jpg;Captain Beefheart;Live At Knebworth;Rock
/covers/543.jpg;Coil;New Backwards;Electronic
/covers/544.jpg;Peter Case;Peter Case;Rock
/covers/545.jpg;Nephew Tommy;Lost Prank Phone Calls Part 2;Comedy
/covers/546.jpg;Shirley Horn;Live at the Four Queens;Jazz
/covers/547.jpg;Bobby Kapp;Cactus;Jazz
/covers/548.jpg;Art Farmer;Something You Got [Import];Jazz
/covers/549.jpg;Ghost;Meliora;Rock
/covers/550.jpg;Die Antwoord;Mount Ninji And Da Nice Time Kid [Explicit Content];Electronic
/covers/551.jpg;Sikth;Opacities;Rock
/covers/552.jpg;Nephew Tommy;Lost Prank Phone Calls Part 1;Comedy
/covers/553.jpg;Klaus Schulze;Mirage;Electronic
/covers/554.jpg;Pain;Coming Home;Rock
/covers/555.jpg;Barclay James Harvest;Gone To Earth: Deluxe Expanded Edition [Import];Rock
/covers/556.jpg;The Head and the Heart;Signs Of Light;Rock
/covers/557.jpg;Madlib;Medicine Show: Brick;Rap/Hip Hop
/covers/558.jpg;Various Artists;Top Of The Pops: 1990-1994 /  Various [Import];Rock
/covers/559.jpg;The Ramones;Ramones (40th Anniversary Edition);Rock
/covers/560.jpg;The Connells;Stone Cold Yesterday: The Best Of The Connells;Rock
/covers/561.jpg;Herb Alpert;Fandango;Jazz
/covers/562.jpg;Tim Easton;American Fork [Import];Rock
/covers/563.jpg;Antoine Fafard;Sphere;Jazz
/covers/564.jpg;The Meters;A Message From The Meters: The Complete Josie Reprise & Warner Bros. Singles 1968-1977;Soul/R & B
/covers/565.jpg;John Coltrane;Coltrane Live At Birdland [Import];Jazz
/covers/566.jpg;John Farnham;Whispering Jack (Gold Series) [Import];Rock
/covers/567.jpg;John Coltrane;& Johnny Hartman [Import];Jazz
/covers/568.jpg;Various;Hit List 2: More Hot 100 Chartbusters Of The 70s [Import];Rock
/covers/569.jpg;John Coltrane;Impressions [Import];Jazz
/covers/570.jpg;RTZ;Return To Zero [Import];Rock
/covers/571.jpg;Glass Animals;How To Be A Human Being;Rock
/covers/572.jpg;Autopsy;All Tomorrow's Funerals;Rock
/covers/573.jpg;Imperium Dekadenz;Dis Manibvs;Rock
/covers/574.jpg;Twelve Foot Ninja;Outlier [Explicit Content];Rock
/covers/575.jpg;Prophets of Rage;The Party's Over;Rock
/covers/576.jpg;Spencer Davis;Taking Out Time: Complete Recordings 1967-1969 [Import];Rock
/covers/577.jpg;Robbie Fulks;Jura;Folk
/covers/578.jpg;Soilwork;Death Resonance;Rock
/covers/579.jpg;Heaters;American Dream: The Portastudio Recordings;Rock
/covers/580.jpg;Various Artists;Electri City 2 + Electri City /  Various;Rock
/covers/581.jpg;Blood Incantation;Starspawn;Rock
/covers/582.jpg;Have a Nice Life;Unnatural World;Rock
/covers/583.jpg;Bayside;Vacancy;Rock
/covers/584.jpg;Various Artists;Dustin E Presents... Cornflake Zoo 3 /  Various;Rock
/covers/585.jpg;Lisa Hannigan;At Swim;Rock
/covers/586.jpg;The Turtles;All The Singles;Rock
/covers/587.jpg;Destroying the Devoid;Paramnesia;Rock
/covers/588.jpg;David Cross;Sign Of The Crow [Import];Rock
/covers/589.jpg;Klaus Schulze;Moondawn;Electronic
/covers/590.jpg;Sheena Easton;Take My Time [Import];Rock
/covers/591.jpg;Bob Dylan;Legendary Broadcasts: 1969-1984;Rock
/covers/592.jpg;Black Sabbath;Sabbath Bloody Sabbath;Rock
/covers/593.jpg;Agalloch;Ashes Against The Grain;Rock
/covers/594.jpg;Neal Morse;Alive Again;Rock
/covers/595.jpg;Black Sabbath;Master Of Reality;Rock
/covers/596.jpg;Cody Johnson;Gotta Be Me;Country
/covers/597.jpg;Randy Meisner;One More Song [Import];Rock
/covers/598.jpg;Jekalyn Carr;Life Project;Gospel
/covers/599.jpg;Paul Davis;Singer Of Songs - Teller Of Tales [Import];Rock
/covers/600.jpg;The Isley Brothers;Go For Your Guns;Soul/R & B
/covers/601.jpg;Rod Stewart;Camouflage [Import];Rock
/covers/602.jpg;Honne;Warm On A Cold Night [Import];Rock
/covers/603.jpg;Therion;Theli: Vovin [Import];Heavy Metal
/covers/604.jpg;Gap Dream;This Is Gap Dream;Rock
/covers/605.jpg;Baptism;V: The Devil's Fire;Rock
/covers/606.jpg;Profanatica;The Curling Flame Of Blasphemy;Rock
/covers/607.jpg;Taake;Gravkamre, Kroner Og Troner;Rock
/covers/608.jpg;Black Crown Initiate;Selves We Cannot Forgive;Rock
/covers/609.jpg;Alcatrazz;Ultimate Fortress Rock Set;Rock
/covers/610.jpg;Alcatrazz;Disturbing The Peace [Import];Rock
/covers/611.jpg;Gugudan;Act 1 The Little Mermaid [Import];International
/covers/612.jpg;The Temperance Movement;White Bear;Rock
/covers/613.jpg;Jeff Beck;Loud Hailer;Rock
/covers/614.jpg;Astrud Gilberto;Album [Import];Jazz
/covers/615.jpg;Target;Target [Import];Rock
/covers/616.jpg;Mark Chesnutt;Tradition Lives;Country
/covers/617.jpg;Astrud Gilberto;Shadow Of Your Smile [Import];Jazz
/covers/618.jpg;Mike Cuozzo;With The Costa-Burke Trip [Import];Jazz
/covers/619.jpg;Girl;Wasted Youth [Import];Rock
/covers/620.jpg;Fates Warning;Theories of Flight;Rock
/covers/621.jpg;Melodyday;Color (1st Mini Album) [Import];International
/covers/622.jpg;Eric Clapton;Crossroads Revisited Selections From The Crossroads Guitar Festivals;Rock
/covers/623.jpg;Enforcers (K-Def & El Da Sensei);Jersey Connection;Rap/Hip Hop
/covers/624.jpg;William Murphy;Demonstrate;Gospel
/covers/625.jpg;Various Artists;Hard To Find 45s On Cd vol.15 - 80's Essentials;Rock
/covers/626.jpg;Olafur Arnalds;Late Night Tales: Olafur Arnalds;Electronic
/covers/627.jpg;C.B. Murdoc;Here Be Dragons;Rock
/covers/628.jpg;Jeff Parker;Breed;Jazz
/covers/629.jpg;Anthony Phillips;1984 [Import];Rock
/covers/630.jpg;Ricinn;Lian;Rock
/covers/631.jpg;Trio X;Live On Tour 2010;Jazz
/covers/632.jpg;Mogwai;Atomic;Rock
/covers/633.jpg;Ccr Headcleaner;Tear Down the Wall;Rock
/covers/634.jpg;Bassnectar;Unlimited;Electronic
/covers/635.jpg;Jon Pardi;California Sunrise;Country
/covers/636.jpg;Radiohead;A Moon Shaped Pool;Rock
/covers/637.jpg;P.F.M.;P.F.M.? P.F.M.! [Import];Rock
/covers/638.jpg;Barclay James Harvest;Everyone Is Everybody Else: Deluxe Expanded [Import];Rock
/covers/639.jpg;The Shelters;The Shelters;Rock
/covers/640.jpg;Phil Collins;...But Seriously;Rock
/covers/641.jpg;The Browns;Complete As & Bs And More 1954-62;Country
/covers/642.jpg;Van Morrison;It's Too Late To Stop Now...Volume, II, III, IV & DVD;Rock
/covers/643.jpg;The Move;Something Else From The Move [Import];Rock
/covers/644.jpg;William Tyler;Modern Country;Rock
/covers/645.jpg;Gigi D'Alessio;Malaterra;International
/covers/646.jpg;The Move;Looking On: 2CD Deluxe Expanded Edition [Import];Rock
/covers/647.jpg;Apollo Under Fire;Apollo Under Fire;Rock
/covers/648.jpg;ABC;Lexicon Of Love II [Import];Rock
/covers/649.jpg;Candlemass;Behind the Wall of Doom [Import];Rock
/covers/650.jpg;Kim Waters;Rhythm and Romance;Jazz
/covers/651.jpg;Modern English;After The Snow;Rock
/covers/652.jpg;Frank Zappa;Road Tapes, Venue #2;Rock
/covers/653.jpg;Rick Wakeman;5 Classic Albums [Import];Rock
/covers/654.jpg;Architects;All Our Gods Have Abandoned Us;Rock
/covers/655.jpg;Frost;Falling Satellites;Rock
/covers/656.jpg;Frank Zappa;Road Tapes, Venue #3;Rock
/covers/657.jpg;Frank Zappa;Road Tapes, Venue #1;Rock
/covers/658.jpg;The Jelly Jam;Profit;Rock
/covers/659.jpg;Alisan Porter;Who We Are;Vocal
/covers/660.jpg;Savage Master;Mask Of The Devil;Rock
/covers/661.jpg;Mark Chesnutt;Savin' The Honky Tonk;Country
/covers/662.jpg;Katatonia;Fall Of Hearts;Rock
/covers/663.jpg;Gamma Ray;Lust For Love;Rock
/covers/664.jpg;Kamelot;Where I Reign: Very Best Of The Noise Years 1995-2003 [Import];Heavy Metal
/covers/665.jpg;Gamma Ray;Insanity And Genius;Rock
/covers/666.jpg;The Grateful Dead;Red Rocks Amphitheatre, Morrison, Co 7/ 8/ 78;Rock
/covers/667.jpg;Savage Master;With Whips And Chains;Rock
/covers/668.jpg;The Nothing;Tired of Tomorrow;Rock
/covers/669.jpg;Allen Toussaint;The Complete Warner Recordings;Jazz
/covers/670.jpg;The Move;Move: Remastered & Expanded Edition [Import];Rock
/covers/671.jpg;The Move;Move: Remastered & Expanded Deluxe Edition [Import];Rock
/covers/672.jpg;Little Richard;Absolutely Essential 3 CD Collection [Import];Rock
/covers/673.jpg;The Independents;Just As Long:Complete Wand Recordings 1972-74 [Import];Soul/R & B
/covers/674.jpg;Arthur Conley;Soul Directions [Import];Soul/R & B
/covers/675.jpg;Chris Kenner;Land Of 1000 Dances [Import];Soul/R & B
/covers/676.jpg;UK;Danger Money [Import];Rock
/covers/677.jpg;The Move;Shazam: Remastered & Expanded Deluxe Edition [Import];Rock
/covers/678.jpg;Divine;Shoot Your Shot: Divine Anthology [Import];Soul/R & B
/covers/679.jpg;Psychic Temple;III;Rock
/covers/680.jpg;Firefall;Firefall /  Luna Sea /  Elan [Import];Rock
/covers/681.jpg;King Gizzard and the Lizard Wizard;Nonagon Infinity;Rock
/covers/682.jpg;Ghoul;Maniaxe;Electronic
/covers/683.jpg;Hubert Thiefaine Felix;Vixi Tour XVII [Import];Rock
/covers/684.jpg;Circle of Dust;Brainchild;Electronic
/covers/685.jpg;Haken;Affinity;Rock
/covers/686.jpg;Bill Evans;Some Other Time: The Lost Sessions From The Black Forest;Jazz
/covers/687.jpg;Paul Chain;Ash;Rock
/covers/688.jpg;Corky Carroll;Best of Corky Carroll;Rock
/covers/689.jpg;Various Artists;Brown Acid: Second Trip /  Various;Rock
/covers/690.jpg;Metallica;Ride the Lightning;Rock
/covers/691.jpg;Various Artists;Every Song Has Its End: Sonic Dispacthes /  Various;International
/covers/692.jpg;Various Artists;Curiosity Shop: Rare Collection Of Aural /  Various;Rock
/covers/693.jpg;Metallica;Kill Em All;Rock
/covers/694.jpg;Phil Collins;No Jacket Required;Rock
/covers/695.jpg;Nova Express Quintet;Andras: The Book of Angels 28;Jazz
/covers/696.jpg;Sonic Youth;Sister;Rock
/covers/697.jpg;Parquet Courts;Human Performance;Rock
/covers/698.jpg;Frightened Rabbit;Painting of a Panic Attack;Rock
/covers/699.jpg;Landon Dodd;What Comes Natural To A Fool;Country
/covers/700.jpg;Black Stone Cherry;Kentucky;Rock
/covers/701.jpg;Black Mountain;Iv;Rock
/covers/702.jpg;Various Artists;12-Inch Dance-80s Pop /  Various [Import];Rock
/covers/703.jpg;Anthony Braxton;Quintet [Tristano] 2014;Jazz
/covers/704.jpg;Various Artists;Warner Girl Group Nuggets 6 /  Various [Import];Rock
/covers/705.jpg;Restless Heart;Greatest Hits;Country
/covers/706.jpg;Yes;Progeny: Highlights from Seventy-Two;Rock
/covers/707.jpg;Thunder;Wonder Days;Rock
/covers/708.jpg;Stormsville Shakers & Circus;One & One Is Two: Complete 1969-67 [Import];Rock
/covers/709.jpg;Anthony Hamilton;Comin from Where I'm from;Soul/R & B
/covers/710.jpg;Ozzy Osbourne;Diary of a Madman;Rock
/covers/711.jpg;Argent;Circus [Import];Rock
/covers/712.jpg;Sammy Hagar & the Circle;At Your Service (Live 2 CD Set);Rock
/covers/713.jpg;Zedd;True Colors;Dance
/covers/714.jpg;Mark Knopfler;Tracker (Box Set);Rock
/covers/715.jpg;Miles Davis;Bitches Brew: 40th Anniversary [Import];Jazz
/covers/716.jpg;Various Artists;Club Soul 2 - Twisted Wheel [Import];Soul/R & B
/covers/717.jpg;Michael Fennelly;Lane Changer;Rock
/covers/718.jpg;Rhett Miller;Traveler;Rock
/covers/719.jpg;Leonard Cohen;Can't Forget: A Souvenir of the Grand Tour;Rock
/covers/720.jpg;Lucid Dream;Lucid Dream;Rock
/covers/721.jpg;Mandala;Midnight Twilight;Rock
/covers/722.jpg;Psycroptic;Ob(Servant);Rock
/covers/723.jpg;Pungent Stench;Ampeauty;Rock
/covers/724.jpg;Joan Armatrading;Whatever's for Us: Remastered [Import];Rock
/covers/725.jpg;2015 London Cast;Gypsy [Import];Rock
/covers/726.jpg;Jeff Beck;Jeff Beck's Guitar Shop [Import];Rock
/covers/727.jpg;Terry Reid;Original Album Series [Import];Blues
/covers/728.jpg;Superheaven;Ours Is Chrome;Rock
/covers/729.jpg;Dayseeker;Origin;Rock
/covers/730.jpg;The Charlatans UK;Modern Nature;Rock
/covers/731.jpg;Drake;If You're Reading This It's Too Late [Explicit Content];Rap/Hip Hop
/covers/732.jpg;Polyphia;Muse;Rock
/covers/733.jpg;Dionne Warwick;Real Dionne Warwick [Import];Rock
/covers/734.jpg;Various Artists;Funk [Import];Rock
/covers/735.jpg;Built to Spill;Untethered Moon;Rock
/covers/736.jpg;Black Rob;Genuine Article [Explicit Content];Rap/Hip Hop
/covers/737.jpg;Tribulation;Children of the Night;Rock
/covers/738.jpg;The Ramones;Hey Ho Let's Go;Rock
/covers/739.jpg;The Doughboys;Hot Beat Stew;Rock
/covers/740.jpg;Dead Moon;Tales from the Grease Trap 1: Live at Satyricon;Rock
/covers/741.jpg;Accept;Objection Overruled [Import];Pop
/covers/742.jpg;Master of Disguise;Savage & the Grace;Rock
/covers/743.jpg;Etherwood;Blue Leaves;Electronic
/covers/744.jpg;Hatfield and the North;Access All Areas [Import];Rock
/covers/745.jpg;Roger Miller;Definitive Collection [Import];Country
/covers/746.jpg;Guitar Slim Green;Stone Down Blues [Import];Rock
/covers/747.jpg;Saturnalia Temple;To the Other;Rock
/covers/748.jpg;Waxahatchee;Ivy Tripp;Rock
/covers/749.jpg;Michael Jackson;Thriller;Soul/R & B
/covers/750.jpg;The Monochrome Set;Access All Areas [Import];Rock
/covers/751.jpg;Various Artists;Now That's What I Call ACM Awards: 50 Years;Country
/covers/752.jpg;Van Halen;Van Halen;Rock
/covers/753.jpg;Hollan Holmes;Incandescent;New Age
/covers/754.jpg;Train;Platinum Album Collection;Rock
/covers/755.jpg;Gentle Storm;Diary;Rock
/covers/756.jpg;John Denver;Original Album Classics;Rock
/covers/757.jpg;Van Morrison;Duets: Re-Working the Catalogue;Rock
/covers/758.jpg;The Pretty Things;Bouquets from a Cloudy Sky [Import];Rock
/covers/759.jpg;Muddy Waters;Chess Singles Collection [Import];Blues
/covers/760.jpg;Pat Martino;Nexus;Jazz
/covers/761.jpg;Moonspell;Extinct;Rock
/covers/762.jpg;Oscar Peterson;Plays the George Gershwin Songbook [Import];Jazz
/covers/763.jpg;Psycroptic;Psycroptic;Heavy Metal
/covers/764.jpg;Halsey;Room 93;Rock
/covers/765.jpg;Shires;Brave [Import];Rock
/covers/766.jpg;Santa Cruz;Santa Cruz [Explicit Content];Rock
/covers/767.jpg;Evil Invaders;Pulses of Pleasure;Rock
/covers/768.jpg;Lee Dorsey;Soul Mine: Greatest Hits [Import];Soul/R & B
/covers/769.jpg;Sons of Texas;Baptized in the Rio Grande;Rock
/covers/770.jpg;Of Mice & Men;Restoring Force: Full Circle;Rock
/covers/771.jpg;Gamma Pulse;Dead But Dreaming;Rock
/covers/772.jpg;Pete Perignon;Aqui Llego;Tropical
/covers/773.jpg;The Nasty;Shokka;Rock
/covers/774.jpg;Revolution Saints;Revolution Saints;Rock
/covers/775.jpg;Public Service Broadcasting;Race for Space;Rock
/covers/776.jpg;Charli XCX;Sucker;Rock
/covers/777.jpg;Klezmerson;Amon: The Book of Angels 24;International
/covers/778.jpg;Trilobites;I Can't Wait for Summer to End;Rock
/covers/779.jpg;Aaron Watson;Underdog;Country
/covers/780.jpg;Diana Krall;Girl in the Other Room [Import];Jazz Vocals
/covers/781.jpg;Exhumed;Gore Metal: A Necrospective;Rock
/covers/782.jpg;Various Artists;Fifty Shades of Grey (Original Soundtrack);Soundtrack
/covers/783.jpg;The Residents;Commercial Album;Rock
/covers/784.jpg;Soul Jazz Records Presents;Punk 45: Extermination Nights in the Sixth City;Rock
/covers/785.jpg;Roxy Music;Avalon [Import];Rock
/covers/786.jpg;Th Legacy Collection;Pinocchio: The Walt Disney Records Legacy Collection (2CD);Children's
/covers/787.jpg;Jimmy Holiday;Spread Your Love: Complete Minit Singles 1966-70 [Import];Soul/R & B
/covers/788.jpg;Valentinos;Looking For A Love [Import];Soul/R & B
/covers/789.jpg;Motorhead;Another Perfect Day: Deluxe Edition [Import];Heavy Metal
/covers/790.jpg;Church;Further Deeper;Rock
/covers/791.jpg;Above & Beyond;We Are All We Need [Import];Dance
/covers/792.jpg;Battle Beast;Unholy Savior;Rock
/covers/793.jpg;Marilyn Manson;Pale Emperor [Explicit Content];Rock
/covers/794.jpg;King Crimson;Live at the Orpheum;Rock
/covers/795.jpg;Joey Badass;B4.Da.Ss [Explicit Content];Rap/Hip Hop
/covers/796.jpg;Klaus Schulze & Gunter Schickert;Schulze-Schickert Session;Electronic
/covers/797.jpg;Various Artists;Back from the Grave 9-10;Rock
/covers/798.jpg;Mac DeMarco;Demos Volume 1;Rock
/covers/799.jpg;Michael Jackson;Bad;Soul/R & B
/covers/800.jpg;Bruce Springsteen;Magic;Rock
/covers/801.jpg;Rage Against the Machine;Rage Against the Machine [Explicit Content];Rock
/covers/802.jpg;Ethel Ennis;This Is Ethel Ennis;Easy Listening
/covers/803.jpg;Desolate Shrine;Heart of the Netherworld;Rock
/covers/804.jpg;Lich King;Do-Over;Heavy Metal
/covers/805.jpg;Harry J Allstars;Liquidator [Import];Electronic
/covers/806.jpg;Shinee;Shinee World 3 in Seoul [Import];K-Pop
/covers/807.jpg;Diana Ross;Live at Caesars Palace [Import];Soul/R & B
/covers/808.jpg;Perry Botkin;Silent Night Deadly Night (Original Soundtrack);Soundtrack
/covers/809.jpg;Death Wolf;III: Ostergotland [Import];Rock
/covers/810.jpg;Gov't Mule;Dark Side of the Mule;Rock
/covers/811.jpg;Taylor Deupree;Lost & Compiled;Pop
/covers/812.jpg;Various Artists;When I Reach That Heavenly Shore: Unearthly Black Gospel 1926-1936;Christian
/covers/813.jpg;Cracker;Berkeley to Bakersfield;Rock
/covers/814.jpg;Yes;Like It Is: Yes at the Bristol Hippodrome;Rock
/covers/815.jpg;Darkthrone;Transilvanian Hunger (20th Anniversary Edition);Rock
/covers/816.jpg;Larry Coryell;January 1975 (Live Love Series 1);Jazz
/covers/817.jpg;Larry Carlton;Four Hands & a Heart Christmas;Jazz
/covers/818.jpg;Ash Ra Tempel;Friendship;Rock
/covers/819.jpg;Yo La Tengo;Extra Painful;Rock
/covers/820.jpg;Powder;Ka-Pow! An Explosive Collection 1967-68 [Import];Rock
/covers/821.jpg;King Crimson;King Crimson : The Elements of King Crimson Tour Box;Rock
/covers/822.jpg;Andy Stott;Faith in Strangers;Electronic
/covers/823.jpg;Big Star;Keep An Eye on the Sky (Reformat);Rock
/covers/824.jpg;Soundtrack;Big Hero 6 (Original Soundtrack);Soundtrack
/covers/825.jpg;Neil Diamond;All-Time Greatest Hits;Vocal
/covers/826.jpg;Legacy Collection;The Little Mermaid: The Walt Disney Records Legacy Collection (2CD);Children's
/covers/827.jpg;Jethro Tull;Warchild;Rock
/covers/828.jpg;Red Steagall;Classic Red Steagall;Country
/covers/829.jpg;King Kobra;Ready to Strike;Rock
/covers/830.jpg;Brian Eno;Shutov Assembly;Pop
/covers/831.jpg;Captain Beefheart;Sun Zoom Spark: 1970 to 1972;Rock
/covers/832.jpg;Depeche Mode;Depeche Mode Live in Berlin;Rock
/covers/833.jpg;P.O.D.;P.O.D. ( Payable on Death ) : Acoustic Sessions;Rock
/covers/834.jpg;Old 97's;Hitchhike to Rhome;Rock
/covers/835.jpg;David Bowie;Nothing Has Changed;Rock
/covers/836.jpg;Lyn Stanley;Potions [From The 50S];Jazz
/covers/837.jpg;Third World;40th Anniversary Hits Collection;Reggae
/covers/838.jpg;Steve Lacy;Complete Remastered Recordings on Black Saint & So;Jazz
/covers/839.jpg;Back Door;Back Door /  8th Street Nites [Import];Rock
/covers/840.jpg;Various Artists;Ruf Records 20 Years Anniversary /  Various;Blues
/covers/841.jpg;T.Rex;Albums Collection [Import];Rock
/covers/842.jpg;The Kinks;Muswell Hillbillies (Legacy Edition);Rock
/covers/843.jpg;Martin O'Donnell;Halo 2 Anniversary (Original Soundtrack);Soundtrack
/covers/844.jpg;Royksopp;Inevitable End [Explicit Content];Rock
/covers/845.jpg;Various Artists;Restless Reckless & Reviled: Untamed /  Various [Import];Rock
/covers/846.jpg;A Certain Ratio;Sextet;Rock
/covers/847.jpg;Blossom Dearie;Complete Recordings: 1952-62;Jazz
/covers/848.jpg;Yes;Relayer [Import];Rock
/covers/849.jpg;Paul McCartney;At the Speed of Sound;Rock
/covers/850.jpg;Winger;In the Heart of the Young [Import];Rock
/covers/851.jpg;Various Artists;Halfway to Paradise /  Various [Import];Pop
/covers/852.jpg;Cavalera Conspiracy;Pandemonium;Heavy Metal
/covers/853.jpg;Judy Collins;Both Sides Now - the Very Best of;Folk
/covers/854.jpg;King Crimson;Starless [Import];Rock
/covers/855.jpg;The Nothing;Downward Years to Come;Rock
/covers/856.jpg;Wham!;Final: K2HD Mastering [Import];Jazz
/covers/857.jpg;And You Will Know Us by the Trail of Dead;Ix [Import];Alternative Rock
/covers/858.jpg;Obituary;Inked in Blood;Rock
/covers/859.jpg;At the Gates;At War with Reality;Rock
/covers/860.jpg;Johannes Linstead;Midnight Rhumba;New Age
/covers/861.jpg;Rod Stewart;Every Picture Tells a Story;Pop
/covers/862.jpg;KJ-52;Mental;Christian
/covers/863.jpg;Pop Group;Cabinet of Curiosities;Dance
/covers/864.jpg;The Four Tops;On Top;Soul/R & B
/covers/865.jpg;The Four Tops;Reach Out;Soul/R & B
/covers/866.jpg;Sammy Hagar;Lite Roast;Rock
/covers/867.jpg;Soundtrack;Fury (Original Soundtrack);Soundtrack
/covers/868.jpg;Foreigner;Complete Atlantic Albums 1977-1991;Rock
/covers/869.jpg;Shakey Graves;& the War Came;Folk
/covers/870.jpg;Esoteric Circle;George Russell Presents the Esoteric Circle [Import];Jazz
/covers/871.jpg;Paul McCartney;Venus & Mars [Import];Rock
/covers/872.jpg;Disney;Sleeping Beauty: The Walt Disney Records Legacy Collection (2CD);Children's
/covers/873.jpg;Marc Brierley;Welcome to the Citadel [Import];Folk
/covers/874.jpg;Joe Jackson;Steppin' Out-The A&M; Years 1979-89 [Import]/covers/875.jpg;Tablo;Yeolkkot 1 [Import];K-Pop
/covers/876.jpg;Ennio Morricone;Good the Bad & the Ugly (Original Soundtrack) [Import];Soundtrack
/covers/877.jpg;PFM;Paper Charms: Complete BBC Recordings 1974-76 [Import];Rock
/covers/878.jpg;Big Country;Steeltown [Import];Rock
/covers/879.jpg;John Zorn;Rodiriguez, Roberto /  Zorn, John : Aguares: The Book of Angels Volume 23;International
/covers/880.jpg;PFM;Performance [Import];Rock
/covers/881.jpg;Lucinda Williams;Down Where the Spirit Meets the Bone;Rock
/covers/882.jpg;Nightbringer;Ego Dominus Tuus;Rock
/covers/883.jpg;Sun Ra;In the Orbit of Ra;Jazz
/covers/884.jpg;George Harrison;Living in the Material World;Rock
/covers/885.jpg;Myrkur;Myrkur;Rock
/covers/886.jpg;For King & Country;Run Wild Live Free Love Strong;Christian
/covers/887.jpg;Belinda Carlisle;Belinda [Import];Rock
/covers/888.jpg;Lee Fields;My World;Soul/R & B
/covers/889.jpg;Bloodbath;Bloodbath Over Bloodstock;Rock
/covers/890.jpg;Phil Upchurch;Way I Feel [Import];Rock
/covers/891.jpg;Death from Above 1979;Death from Above 1979 : Physical World;Rock
/covers/892.jpg;Striker;City Of Gold;Rock
/covers/893.jpg;Robert Plant;Lullaby & the Ceaseless Roar;Rock
/covers/894.jpg;Gilberto Gil;Gilbertos Samba [Import];International
/covers/895.jpg;Peter Bardens;Speed of Light [Import];Rock
/covers/896.jpg;Alice Cooper;Nobody Likes Us [Import];Heavy Metal
/covers/897.jpg;Dan Baird;Circus Life;Rock
/covers/898.jpg;Various Artists;Halloween Nuggets Monster Sixties a Go /  Various;Rock
/covers/899.jpg;Brock Van Wey;History of Distance;Electronic
/covers/900.jpg;ABBA;Arrival: Deluxe Edition [Import];Pop
/covers/901.jpg;10cc;Windows in the Jungle [Import];Rock
/covers/902.jpg;Edith Piaf;Simply Edith Piaf [Import];Rock
/covers/903.jpg;Joan Jett and the Blackhearts;Unvarnished;Rock
/covers/904.jpg;Thousand Foot Krutch;Oxygen: Inhale;Rock
/covers/905.jpg;Chelsea Wolfe;Apokalypsis;Rock
/covers/906.jpg;Robyn Hitchcock;Man Upstairs;Rock
/covers/907.jpg;Lowell George;Thanks I'll Eat It Here: The Deluxe Edition;Rock
/covers/908.jpg;Carmine Appice;Friends;Rock
/covers/909.jpg;Pallbearer;Foundations of Burden;Rock
/covers/910.jpg;Ace Frehley;Space Invader;Rock
/covers/911.jpg;Abel Korzeniowski;Penny Dreadful (Score) (Original Soundtrack);Soundtrack
/covers/912.jpg;Various Artists;Pure Chill Out 4 /  Various;Electronic
/covers/913.jpg;The Alarm;When the Storm Broke;Rock
/covers/914.jpg;The Reverend;World Won't Miss You;Rock
/covers/915.jpg;Mark Almond;Ten Plagues: Asong Cycle (Original Soundtrack);Alternative Rock
/covers/916.jpg;Oliver/Dawson Saxon;Blood & Thunder Live [Import];Rock
/covers/917.jpg;The Reverend;Play God;Rock
/covers/918.jpg;Soja;Amid the Noise & Haste;Urban
/covers/919.jpg;Flatt Lonesome;Flatt Lonesome : Too;Folk
/covers/920.jpg;Angus & Julia Stone;Angus & Julia Stone;Folk
/covers/921.jpg;Help Yourself;Reaffirmation: An Anthology 1971-73 [Import];Rock
/covers/922.jpg;Gang Starr;Icon [Explicit Content];Urban
/covers/923.jpg;Adrian Vandenberg;Moonkings;Rock
/covers/924.jpg;Bill Frisell;Adramelech: Book of Angels 22;International
/covers/925.jpg;Guardians of the Galaxy: Awesome Mix 1;Guardians Of The Galaxy: Awesome Mix 1 (Original Soundtrack);Soundtrack
/covers/926.jpg;White Lion;Fight to Survive [Import];Heavy Metal
/covers/927.jpg;Tom Petty;Hypnotic Eye;Rock
/covers/928.jpg;Jenny Lewis;Voyager;Rock
/covers/929.jpg;Grant Green;Oleo [Import];Jazz
/covers/930.jpg;Migos;No Label II [Explicit Content];Rap/Hip Hop
/covers/931.jpg;Gentle Giant;Power & the Glory (Mixed By Steven Wilson);Rock
/covers/932.jpg;Various Artists;Eccentric Soul: The Way Out Label /  Various;Soul/R & B
/covers/933.jpg;Fred Hersch;Floating;Jazz
/covers/934.jpg;Serdce;Timelessness;Heavy Metal
/covers/935.jpg;Starset;Transmissions;Rock
/covers/936.jpg;Sia;1000 Forms of Fear;Rock
/covers/937.jpg;Leela James;Fall for You;Soul/R & B
/covers/938.jpg;Monuments;Amanuensis;Rock
/covers/939.jpg;Judas Priest;Redeemer of Souls;Rock
/covers/940.jpg;Crosby Stills Nash & Young;Csny 1974;Rock
/covers/941.jpg;Blackmore's Night;Secret Voyage;Rock
/covers/942.jpg;Hollan Holmes;Spirits of Starlight;New Age
/covers/943.jpg;Childish Gambino;Because the Internet [Explicit Content];Rap/Hip Hop
/covers/944.jpg;Expo '70;Virtually from the Unknown;Rock
/covers/945.jpg;The Small Faces;There Are But Four Small Faces [Import];Rock
/covers/946.jpg;Seven;7 [Import];Heavy Metal
/covers/947.jpg;Emperor;In the Nightside Eclipse: 20th Anniversary;Heavy Metal
/covers/948.jpg;Skyscraper;Life Inside the Mine;Rock
/covers/949.jpg;Septic Flesh;Titan;Rock
/covers/950.jpg;Inanimate Existence;Never-Ending Cycle of Atonement;Heavy Metal
/covers/951.jpg;No Sinner;Boo Hoo Hoo;Rock
/covers/952.jpg;Linkin Park;Hunting Party;Rock
/covers/953.jpg;Anthony Braxton;Trio (New Haven) 2013;Experimental (Noise)
/covers/954.jpg;Faze-O;Riding High (Japanese Atlantic Soul & R&B; Range) [Import]/covers/955.jpg;XTC;Skylarking [Import];Rock
/covers/956.jpg;Jack White;Lazaretto;Rock
/covers/957.jpg;Arch Enemy;War Eternal;Rock
/covers/958.jpg;Harold Land;Choma (Burn) [Import];Jazz
/covers/959.jpg;Sonic Youth;Daydream Nation;Rock
/covers/960.jpg;Krokus;Hardware [Import];Heavy Metal
/covers/961.jpg;Opus 5;Progression;Jazz
/covers/962.jpg;Trap Them;Trap Them : Blissf***er;Rock
/covers/963.jpg;XTC;Black Sea [Import];Rock
/covers/964.jpg;XTC;Fossil Fuel [Import];Rock
/covers/965.jpg;Lee Fields;Emma Jean;Soul/R & B
/covers/966.jpg;Brother Firetribe;Diamond in the Firepit;Rock
/covers/967.jpg;Peter Murphy;Lion;Industrial/Gothic
/covers/968.jpg;Mike Mattison;You Can't Fight Love;Blues
/covers/969.jpg;Morrissey;Vauxhall & I (20th Anniversary Edition Definitive);Rock
/covers/970.jpg;Howlin' Wolf;Wolf, Howlin : Complete RPM &Chess; Singles As & BS 1951-62/covers/971.jpg;Misery Index;The Killing Gods;Rock
/covers/972.jpg;Various Artists;Old Town Records Story 52-62 /  Various [Import];Rock
/covers/973.jpg;XTC;XTC : Go 2 [Import];Rock
/covers/974.jpg;Howard McGhee;West Coast 1945-1947;Jazz
/covers/975.jpg;The Angels;40 Years of Rock-40 Greatest Studio Hits 1 [Import];Rock
/covers/976.jpg;The Doors;Weird Scenes Inside the Goldmine;Rock
/covers/977.jpg;Belle;Belle (Original Soundtrack);Soundtrack
/covers/978.jpg;Wilko Johnson;Best of Wilko Johnson;Rock
/covers/979.jpg;Marc Ribot;Live at the Village Vanguard;Jazz
/covers/980.jpg;The Georgia Satellites;Georgia Satellites: Remastered [Import];Rock
/covers/981.jpg;Foxes!;Glorious [Import];Pop
/covers/982.jpg;The Move;Live at Fillmore 1969;Psychedelic/Garage
/covers/983.jpg;Convalescence;Convalescence : The Process;Rock
/covers/984.jpg;Kunewa Mook;Ola Ka Manawa;International
/covers/985.jpg;Curtis Harding;Soul Power;Rock
/covers/986.jpg;Epica;The Quantum Enigma;Rock
/covers/987.jpg;Bobbie Nelson;Farther Along: Gospel Collection;Country
/covers/988.jpg;Muddy Waters;Complete Aristocrat & Chess Singles A's & B's 1947;Blues
/covers/989.jpg;Old 97's;Most Messed Up;Rock
/covers/990.jpg;Vanilla Fudge;Vanilla Fudge: The Complete ATCO Singles;Rock
/covers/991.jpg;Fennesz;Becs;Electronic
/covers/992.jpg;Jessye Norman;Recomposed By Max Richter: Vivaldi Four Seasons;Rock
/covers/993.jpg;Esther Phillips;From a Whisper to a Scream: Expanded Edition [Import];Soul/R & B
/covers/994.jpg;Johnny Clegg;Best Live & Unplugged-At the Baxter Theatre Cape;International
/covers/995.jpg;Chain & the Gang;Minimum Rock N Roll [Import];Indie Rock/Pop
/covers/996.jpg;Stan Getz;Complete Roost Studio Sessions [Import];Jazz
/covers/997.jpg;Yes;Yes Album [Import];Rock
/covers/998.jpg;Yes;Yes Album [Import];Rock
/covers/999.jpg;Fiona;Beyond the Pale [Import];Rock
/covers/1000.jpg;Fiona;Fiona [Import];Rock
/covers/1001.jpg;Sam Dees;Show Must Go on [Import];Pop
/covers/1002.jpg;Arthur Conley;Sweet Soul Music [Import];Pop
/covers/1003.jpg;Fiona;Heart Like a Gun [Import];Rock
/covers/1004.jpg;The Lettermen;The First Four Albums and More!;Vocal
/covers/1005.jpg;The Oath;The Oath;Heavy Metal
/covers/1006.jpg;Justin Currie;Lower Reaches;Rock
/covers/1007.jpg;Jessica Williams;With Love;Jazz
/covers/1008.jpg;Joan Osborne;Love & Hate;Rock
/covers/1009.jpg;Cyndi Lauper;She's So Unusual: A 30th Anniversary Celebration [Deluxe Edition] [BoxSet];Pop
/covers/1010.jpg;RPWL;Wanted;Alternative Rock
/covers/1011.jpg;Immortal;At the Heart of Winter;Heavy Metal
/covers/1012.jpg;Keith Emerson;Changing States: Remastered Edition [Import];Rock
/covers/1013.jpg;Grand Funk Railroad;Millennium Collection: 20th Century Masters;Rock
/covers/1014.jpg;ABBA;40/ 40 the Best Selection [Import];Po